,Water_100kVp_1FBP_3mm,Water_120kVp_2Safire_3mm,Water_100kVp_2Safire_3mm,Water_100kVp_1Safire_0-6mm,Water_100kVp_1Safire_3mm,Water_100kVp_2FBP_1-5mm,Water_120kVp_1Safire_3mm,Water_120kVp_1FBP_1-5mm,Water_120kVp_1Safire_0-6mm,Water_120kVp_1FBP_0-6mm,Water_120kVp_1Safire_1-5mm,Water_100kVp_2FBP_0-6mm,Water_100kVp_1Safire_1-5mm,Water_120kVp_2FBP_3mm,Water_120kVp_2FBP_0-6mm,Water_100kVp_1FBP_0-6mm,Water_120kVp_2Safire_0-6mm,Water_120kVp_1FBP_3mm,Water_100kVp_2Safire_0-6mm,Water_100kVp_2Safire_1-5mm,Water_100kVp_1FBP_1-5mm,Water_100kVp_2FBP_3mm,Water_120kVp_2Safire_1-5mm,Water_120kVp_2FBP_1-5mm
original_shape_Elongation,0.8206979321888082,0.8206979321888082,0.8206979321888082,0.8258193343923119,0.8206979321888082,0.6919916261427921,0.8206979321888082,0.6919916261427921,0.8258193343923119,0.8258193343923119,0.6919916261427921,0.8258193343923119,0.6919916261427921,0.8206979321888082,0.8258193343923119,0.8258193343923119,0.8258193343923119,0.8206979321888082,0.8258193343923119,0.6919916261427921,0.6919916261427921,0.8206979321888082,0.6919916261427921,0.6919916261427921
original_shape_Flatness,0.07962245772812032,0.07962245772812032,0.07962245772812032,0.03564407060583071,0.07962245772812032,0.11381268258291853,0.07962245772812032,0.11381268258291853,0.03564407060583071,0.03564407060583071,0.11381268258291853,0.03564407060583071,0.11381268258291853,0.07962245772812032,0.03564407060583071,0.03564407060583071,0.03564407060583071,0.07962245772812032,0.03564407060583071,0.11381268258291853,0.11381268258291853,0.07962245772812032,0.11381268258291853,0.11381268258291853
original_shape_LeastAxisLength,13.02406272123119,13.02406272123119,13.02406272123119,8.377410561475674,13.02406272123119,22.765096192736753,13.02406272123119,22.765096192736753,8.377410561475674,8.377410561475674,22.765096192736753,8.377410561475674,22.765096192736753,13.02406272123119,8.377410561475674,8.377410561475674,8.377410561475674,13.02406272123119,8.377410561475674,22.765096192736753,22.765096192736753,13.02406272123119,22.765096192736753,22.765096192736753
original_shape_MajorAxisLength,163.57272926318464,163.57272926318464,163.57272926318464,235.02956926881646,163.57272926318464,200.02249025411717,163.57272926318464,200.02249025411717,235.02956926881646,235.02956926881646,200.02249025411717,235.02956926881646,200.02249025411717,163.57272926318464,235.02956926881646,235.02956926881646,235.02956926881646,163.57272926318464,235.02956926881646,200.02249025411717,200.02249025411717,163.57272926318464,200.02249025411717,200.02249025411717
original_shape_Maximum2DDiameterColumn,131.16796875,131.16796875,131.16796875,192.46140366844858,131.16796875,167.53248941553284,131.16796875,167.53248941553284,192.46140366844858,192.46140366844858,167.53248941553284,192.46140366844858,167.53248941553284,131.16796875,192.46140366844858,192.46140366844858,192.46140366844858,131.16796875,192.46140366844858,167.53248941553284,167.53248941553284,131.16796875,167.53248941553284,167.53248941553284
original_shape_Maximum2DDiameterRow,152.81851203185073,152.81851203185073,152.81851203185073,166.4835029787312,152.81851203185073,117.474609375,152.81851203185073,117.474609375,166.4835029787312,166.4835029787312,117.474609375,166.4835029787312,117.474609375,152.81851203185073,166.4835029787312,166.4835029787312,166.4835029787312,152.81851203185073,166.4835029787312,117.474609375,117.474609375,152.81851203185073,117.474609375,117.474609375
original_shape_Maximum2DDiameterSlice,173.00628254899334,173.00628254899334,173.00628254899334,229.77322257878419,173.00628254899334,177.26952970061808,173.00628254899334,177.26952970061808,229.77322257878419,229.77322257878419,177.26952970061808,229.77322257878419,177.26952970061808,173.00628254899334,229.77322257878419,229.77322257878419,229.77322257878419,173.00628254899334,229.77322257878419,177.26952970061808,177.26952970061808,173.00628254899334,177.26952970061808,177.26952970061808
original_shape_Maximum3DDiameter,173.6181565454102,173.6181565454102,173.6181565454102,240.90675610090668,173.6181565454102,181.473171741921,173.6181565454102,181.473171741921,240.90675610090668,240.90675610090668,181.473171741921,240.90675610090668,181.473171741921,173.6181565454102,240.90675610090668,240.90675610090668,240.90675610090668,173.6181565454102,240.90675610090668,181.473171741921,181.473171741921,173.6181565454102,181.473171741921,181.473171741921
original_shape_MeshVolume,27100.63268852234,27100.63268852234,27100.63268852234,17871.248083579412,27100.63268852234,19164.35923075676,27100.63268852234,19164.35923075676,17871.248083579412,17871.248083579412,19164.35923075676,17871.248083579412,19164.35923075676,27100.63268852234,17871.248083579412,17871.248083579412,17871.248083579412,27100.63268852234,17871.248083579412,19164.35923075676,19164.35923075676,27100.63268852234,19164.35923075676,19164.35923075676
original_shape_MinorAxisLength,134.24380066877538,134.24380066877538,134.24380066877538,194.09196245608578,134.24380066877538,138.41388829607732,134.24380066877538,138.41388829607732,194.09196245608578,194.09196245608578,138.41388829607732,194.09196245608578,138.41388829607732,134.24380066877538,194.09196245608578,194.09196245608578,194.09196245608578,134.24380066877538,194.09196245608578,138.41388829607732,138.41388829607732,134.24380066877538,138.41388829607732,138.41388829607732
original_shape_Sphericity,0.20031597871575338,0.20031597871575338,0.20031597871575338,0.061218259474293636,0.20031597871575338,0.1278345603644849,0.20031597871575338,0.1278345603644849,0.061218259474293636,0.061218259474293636,0.1278345603644849,0.061218259474293636,0.1278345603644849,0.20031597871575338,0.061218259474293636,0.061218259474293636,0.061218259474293636,0.20031597871575338,0.061218259474293636,0.1278345603644849,0.1278345603644849,0.20031597871575338,0.1278345603644849,0.1278345603644849
original_shape_SurfaceArea,21781.518392175312,21781.518392175312,21781.518392175312,53997.427384369104,21781.518392175312,27091.43715825729,21781.518392175312,27091.43715825729,53997.427384369104,53997.427384369104,27091.43715825729,53997.427384369104,27091.43715825729,21781.518392175312,53997.427384369104,53997.427384369104,53997.427384369104,21781.518392175312,53997.427384369104,27091.43715825729,27091.43715825729,21781.518392175312,27091.43715825729,27091.43715825729
original_shape_SurfaceVolumeRatio,0.803727301960748,0.803727301960748,0.803727301960748,3.0214692970427404,0.803727301960748,1.4136364713294673,0.803727301960748,1.4136364713294673,3.0214692970427404,3.0214692970427404,1.4136364713294673,3.0214692970427404,1.4136364713294673,0.803727301960748,3.0214692970427404,3.0214692970427404,3.0214692970427404,0.803727301960748,3.0214692970427404,1.4136364713294673,1.4136364713294673,0.803727301960748,1.4136364713294673,1.4136364713294673
original_shape_VoxelVolume,27803.65817642212,27803.65817642212,27803.65817642212,18211.95615855977,27803.65817642212,19663.417728424072,27803.65817642212,19663.417728424072,18211.95615855977,18211.95615855977,19663.417728424072,18211.95615855977,19663.417728424072,27803.65817642212,18211.95615855977,18211.95615855977,18211.95615855977,27803.65817642212,18211.95615855977,19663.417728424072,19663.417728424072,27803.65817642212,19663.417728424072,19663.417728424072
original_firstorder_10Percentile,-39.0,-23.0,-25.0,-61.0,-26.0,-55.0,-22.0,-49.0,-57.0,-89.0,-33.0,-97.0,-36.0,-35.0,-89.0,-95.0,-57.0,-34.0,-62.0,-37.0,-54.0,-38.0,-33.0,-49.0
original_firstorder_90Percentile,37.0,24.0,24.0,59.0,25.0,52.0,23.0,50.0,57.0,89.0,33.0,93.0,34.0,36.0,88.0,93.0,56.0,35.0,59.0,34.0,52.0,37.0,34.0,50.0
original_firstorder_Energy,16161222.0,6142451.0,6644346.0,130118672.0,7175881.0,43320084.0,5916319.0,37466246.0,116827986.0,283435206.0,16748298.0,327188822.0,19237880.0,13913172.0,280535518.0,317436251.0,115069252.0,13482066.0,135130874.0,19393817.0,42913677.0,15043844.0,17028482.0,37993506.0
original_firstorder_Entropy,2.3498100149121264,1.7105565972589099,1.7647326287429979,2.9772687477022726,1.8195387217372037,2.797251661311526,1.6859174076522436,2.6955948426914107,2.9035712763178028,3.5319668873459427,2.1433241074620013,3.6342686115583076,2.2363117836270003,2.2531940176832492,3.525248589887818,3.611957522348685,2.8917493539665338,2.235049984395677,3.0060850486889876,2.2408580707473997,2.7899322722722153,2.3036818614291046,2.1558442904646453,2.7044735644153852
original_firstorder_InterquartileRange,39.0,25.0,26.0,62.0,27.0,55.0,24.0,52.0,60.0,94.0,34.0,100.0,37.0,38.0,94.0,98.0,60.0,37.0,64.0,37.0,55.0,39.0,34.0,52.0
original_firstorder_Kurtosis,3.1128002446033083,3.2769187739187675,3.291301599174335,3.222843759701238,3.3001153602552535,2.982728030000882,3.27923868721411,3.0428806559854076,3.1325896430163884,3.0313554251356822,3.113316015647881,3.061562825455285,3.1460558346762504,3.0501418829436173,3.0822427088397433,3.1201861830690514,3.173532231229858,3.105473802030742,3.1732269075256063,3.0854193561048824,3.066499261317973,3.0494356291700866,3.0619436122444728,2.982724192977376
original_firstorder_Maximum,128.0,89.0,86.0,211.0,90.0,174.0,98.0,178.0,242.0,322.0,134.0,318.0,126.0,114.0,325.0,325.0,230.0,126.0,247.0,115.0,172.0,113.0,101.0,144.0
original_firstorder_MeanAbsoluteDeviation,23.824928409600915,14.706718327427682,15.269237823252839,37.31062525737625,15.808720321323834,32.99436471534787,14.406139975924878,30.683685472319215,35.52442876176903,55.49137417481486,20.481819443899234,59.513958713687984,21.898378728584234,22.258382880119832,55.150060064998186,58.492214216913304,35.220113090946406,21.851726289465272,38.096294215423505,22.005461464344187,32.793767124909685,23.11825816419299,20.6458658307048,30.93291400850825
original_firstorder_Mean,-0.6651347867511068,0.5298996805469932,-0.6574006613237684,-1.3534907597535935,-0.6377290814324945,-1.638957128140106,0.6474808047973996,0.04984547111498534,0.13572895277207392,0.2815195071868583,0.09881924082732388,-1.123990417522245,-1.3482843331484269,0.48063666423807655,-0.21177275838466803,-1.0762662559890486,-0.14353182751540042,0.6956229333632237,-1.1413415468856947,-1.5272604802282272,-1.330176717647991,-0.6630051000392311,0.22069894603375861,0.2936048815278548
original_firstorder_Median,-1.0,1.0,-1.0,-1.0,-1.0,-2.0,1.0,0.0,0.0,1.0,0.0,-1.0,-2.0,0.0,0.0,-1.0,0.0,1.0,-1.0,-2.0,-2.0,-1.0,0.0,0.0
original_firstorder_Minimum,-125.0,-93.0,-100.0,-290.0,-91.0,-173.0,-81.0,-162.0,-208.0,-303.0,-109.0,-352.0,-125.0,-125.0,-308.0,-370.0,-201.0,-103.0,-233.0,-134.0,-184.0,-123.0,-106.0,-157.0
original_firstorder_Range,253.0,182.0,186.0,501.0,181.0,347.0,179.0,340.0,450.0,625.0,243.0,670.0,251.0,239.0,633.0,695.0,431.0,229.0,480.0,249.0,356.0,236.0,207.0,301.0
original_firstorder_RobustMeanAbsoluteDeviation,16.555580652303735,10.411722696683285,10.7933787379298,26.052331633331896,11.127498113835454,23.27422164070066,10.055947082347277,21.651635370058568,24.898012606741787,38.88359385979352,14.499683371279588,41.672060863362006,15.387938413732918,15.719203023934032,38.81999735333204,40.92132629443574,24.768944416069257,15.296429456430495,26.49468872193943,15.47594314404942,23.18332462891037,16.434679837478534,14.630768395693472,21.669382996297827
original_firstorder_RootMeanSquared,30.095610687604704,18.553972672242526,19.29710599062185,47.18616776634492,20.054123090764357,41.43021404371524,18.209241405568562,38.52943337130846,44.71140748100241,69.64208954755959,25.760712562973097,74.8245520306305,27.609029303629562,27.92409708686941,69.28493652910836,73.70096207244403,44.373587453778605,27.488072441483165,48.08639163960195,27.72069909387978,41.23541749605761,29.036580677307793,25.97529564478336,38.79959727512979
original_firstorder_Skewness,-0.021362058807329637,0.05368506389127711,0.01081943591533006,0.020527943874341058,-0.018264816351394913,-0.011637513262357985,0.022420910036494393,0.006407448813224536,0.0034393191823709345,0.0027420987422353965,-0.007749324756331164,-0.010013589546163137,0.04939484726551233,0.04180805297570495,-0.03256305473180296,0.018454022919748223,-0.0342181422368774,0.013381623755254682,-0.006150609258420886,-0.025618854945658073,0.040330793542948884,0.015255228633547729,0.024349792734989703,0.027977014922014484
original_firstorder_TotalEnergy,25183046.135810852,9571406.600315094,10353478.95476532,40549547.39688601,11181737.512676239,33751521.82115936,9219038.902576447,29190682.53482437,36407702.92821414,88328363.20096436,13048925.422542572,101963526.3832104,14988607.284622192,21680046.989730835,87424718.59573674,98924282.79174495,35859619.65472735,21008280.81465912,42111525.546814926,15110100.840780258,33434882.20594597,23441904.17729187,13267222.238170624,29601481.07795334
original_firstorder_Uniformity,0.23042278672625552,0.35747288392226184,0.3443445765342738,0.14975301543062824,0.33279834600364805,0.167928704422149,0.3631058678033614,0.18029605481279826,0.15679229789728,0.10100904957130898,0.2644006771675969,0.09425102692828977,0.24902984762648933,0.2449384871625703,0.10161905528219212,0.09609615283710023,0.15810936915120535,0.2488217101840303,0.14654692727314467,0.24789104798159545,0.16898711555004992,0.23634980968481373,0.2626178242674866,0.17900262297915523
original_firstorder_Variance,905.3033783753202,343.96910825087866,371.94612398378484,2224.7024912369106,401.76115455822344,1713.7764552401782,331.15724117369143,1484.514751343107,1999.0915365836174,4849.941383317381,663.6045465097621,5597.45023212585,760.4406284456624,779.5241865138987,4800.357582141381,5430.673461350052,1968.994662132628,755.1102352828053,2310.998400390533,766.1046336789605,1698.590285974001,842.6834416671264,674.6672758091207,1505.3225448858025
original_glcm_Autocorrelation,31.648273757569292,21.063247827618117,20.864869073595273,155.69225786896797,21.14128293357597,55.553438111672264,21.144412385203342,56.66657611931452,91.25960482292423,184.18583219418056,30.501355417587206,240.50976101745107,29.700764635132916,31.17951712532477,183.36444371013278,240.54576829408222,90.83391970250705,31.63265951555185,110.13023950593643,41.71387334256739,71.57594403709274,30.98023292648656,30.31239907811882,56.389933554985824
original_glcm_ClusterProminence,48.695874776084466,10.065117827104034,8.865116587280088,234.52313511793747,12.645208339661167,120.86505863392166,8.111768029984818,94.41647126236558,185.15498616568965,999.3533273065312,21.009641194347655,1388.2938465325528,31.402104899115336,40.046266431549924,1046.9009370784888,1273.3330391749298,193.02584479504122,30.96255944141738,263.5622092780425,27.39244441385044,129.74428739355608,38.40782274185904,23.404565887341107,102.46244415094546
original_glcm_ClusterShade,1.3404610551773593,-0.32262405906846564,0.11871418132364739,0.5035050283488357,0.49351983404374555,-1.1023599561052297,-0.4516373807204503,0.4036452495622036,0.3975663936593184,1.3946206191830455,0.10824166150801452,-2.3639037257525777,-0.16320464281953212,-0.6215704901605826,-1.4309143369679407,1.9776180299646124,-0.5551795486910033,-1.1031742722134585,-1.0448302907344889,-0.21726471881073342,-0.14454554075978232,0.027982571977692494,0.1930034350681392,0.4794950858142715
original_glcm_ClusterTendency,3.9764007113485067,1.6946410127482427,1.6836394236545646,8.581296672121574,2.001207665523705,6.2161599076873255,1.5158210768523297,5.5298248858446595,7.697389191268869,18.040329981492835,2.564070445065439,21.112484182882017,3.1757787690010977,3.4496838088847777,18.6153212298378,20.256589550650155,7.895137521542092,3.0803391553559054,9.020214502128045,2.94334515381657,6.5329319537438835,3.5475093716076347,2.7398578423882727,5.837818402916438
original_glcm_Contrast,2.632628327076234,1.0594074102344158,1.1399866014201483,5.960301773473933,1.2563739961098852,4.349387253711769,1.0333909221885877,4.008662622270007,5.369230586957736,13.187734887331153,1.7700584043596153,15.58705053559613,2.126523004556608,2.4064092417300498,13.310431517136378,14.686318451064864,5.371139306288692,2.2140485556850584,6.320916012491078,1.9381784390880101,4.614630742139052,2.5257286823170295,1.9029225162752534,4.137977038902461
original_glcm_Correlation,0.20718956215734652,0.234087571703857,0.1948602179572916,0.18020568089009756,0.2336484074391079,0.17274416410932966,0.1916803107162216,0.15753878990141273,0.17787563719319713,0.15512086057278823,0.17942275522396026,0.15154696120743566,0.19917846898725663,0.183329444626631,0.16773048097214127,0.15922962476506103,0.19167604363436858,0.16482508757958156,0.17676428869251287,0.201550137627148,0.17186247753642345,0.17145986526104748,0.18030041811594869,0.1705377246802416
original_glcm_DifferenceAverage,1.229763886544641,0.7486284926862741,0.7702978324597802,1.9022532412030744,0.8140276625676119,1.621434203232455,0.7347630751493128,1.5643284047041368,1.8068459502618015,2.866724208187142,1.0067958067732408,3.115637433232877,1.1107305574813655,1.185758868332269,2.876890433529381,3.0194656239616666,1.8058648218638242,1.1410779762136116,1.9620845223509726,1.0510852897137615,1.6771682558237964,1.2142613427104405,1.0436887029422306,1.5823524772242186
original_glcm_DifferenceEntropy,1.9824369308401428,1.4649902060080398,1.5109753067966936,2.4900879432275076,1.558871017339212,2.290113450888044,1.4460921099282293,2.2311870122185096,2.4241417394303415,3.006189079163572,1.749281163725712,3.119148333478779,1.852930219832583,1.9189140861154248,3.0126357300475135,3.0790642436386664,2.423473540382482,1.8681521564363972,2.52876375796806,1.8090554084108588,2.321814902599232,1.9425909830469907,1.7889257139406056,2.256460136380912
original_glcm_DifferenceVariance,1.1031930830028387,0.492429218482595,0.5392496492277913,2.3125325813707565,0.5841219008827305,1.7032824697535618,0.4853018863974515,1.5418569575397951,2.077815417715908,4.9046893013441535,0.7476316259077246,5.795014355052266,0.8797263709050793,0.9822820516051348,4.963422610805603,5.498473120277688,2.081950192960549,0.8962307279363567,2.4373390252509997,0.8252164497620307,1.778939934645796,1.0317147858754203,0.8014083633634428,1.61170455591859
original_glcm_Id,0.563380865034559,0.673862064140606,0.6703302376972461,0.46157345696318,0.6577717000790498,0.4961924722581112,0.6782141426703929,0.5018334666666863,0.4727230350735906,0.3740319420467052,0.6051922052155703,0.35901534206734564,0.5824859212821797,0.5685650904913947,0.37388045270289927,0.3645421827003329,0.4727710083081552,0.5752442558657477,0.45534370125072504,0.5973414035799919,0.4871690975696745,0.5619445611936638,0.5974337161060531,0.5016409182187729
original_glcm_Idm,0.5172439599615879,0.6566748884377394,0.6513849237301415,0.38924109362177284,0.6365187164242888,0.43238259866433637,0.6621599952638498,0.43988394145829296,0.40286627453514423,0.2847644473196341,0.5716362381456219,0.26795738758194726,0.5430276844552281,0.524718740567465,0.2844790323690447,0.27403949797230587,0.4028725414225152,0.5334659754923812,0.3811955367170178,0.5608311485148014,0.4215533172919455,0.5177253922726093,0.5618036998018563,0.4390277509302449
original_glcm_Idmn,0.9796494763680399,0.9842297164347816,0.9831588359385409,0.987027082149652,0.9815597265738008,0.9791924600209791,0.984641257342245,0.9830664468394141,0.9857675815001037,0.9815578289757096,0.9859801567902813,0.9812237172995701,0.9833108431780807,0.9775234642866911,0.9826889022254038,0.983412262862839,0.9857704465492465,0.9826315102282118,0.9849234716986568,0.9847291962777498,0.9806635846731849,0.9765491786989811,0.9820142588964355,0.9771641833279678
original_glcm_Idn,0.9058037102681511,0.9201826154871787,0.9183615393375119,0.9208275420382045,0.9142366466524249,0.902177645280066,0.9215700749128319,0.9104716827947821,0.917381636720535,0.9057600422718802,0.9207743653151113,0.9050236283826679,0.9135692812143716,0.9008025175741944,0.9085185585176182,0.9103403813556292,0.9174302269559813,0.9113883104666154,0.9150839915525821,0.917795619409091,0.9049558744003318,0.8987664641455454,0.9112625409385893,0.8979705363863749
original_glcm_Imc1,-0.03960444313120905,-0.04481406857018418,-0.038587240501013996,-0.015600867767184572,-0.04472686318782893,-0.02152979522140828,-0.040685806709853924,-0.020245710212272512,-0.015413751379816647,-0.013263145341133207,-0.02389925560966923,-0.013681452455457923,-0.024723233765752015,-0.03639721270665422,-0.01418388910039344,-0.013591362249370288,-0.01678216766722017,-0.03403107758328125,-0.015517883873657063,-0.02549799554364663,-0.02076466345704351,-0.03628047395921413,-0.024373253426849505,-0.021886845511775797
original_glcm_Imc2,0.39888483934192576,0.366228518118269,0.34261248146923734,0.25614152817719155,0.3765748337992333,0.31094161300263295,0.34040811220401473,0.29434508895940975,0.24874694048306248,0.2648639314955134,0.27074879675489505,0.277646903250997,0.2907447005315654,0.37680401680469316,0.2781710322728891,0.2734092358960242,0.26724564955506797,0.3571479322764013,0.25802158574598627,0.28937733490568307,0.30659561616206604,0.37956391879552753,0.27934370196812924,0.30925899334888446
original_glcm_InverseVariance,0.47003874050906674,0.5102631595180196,0.501707974738543,0.38839516259973256,0.5064594242224539,0.4236689798929557,0.5106406678585873,0.43517592516104237,0.39853412636932756,0.29298939000923974,0.5057420743946801,0.2734177358017274,0.4966294453692941,0.48307349411924755,0.29090463587758647,0.28111666052487727,0.3984537312921392,0.49128901784965046,0.3781272133049364,0.49431046400382883,0.4207921389576699,0.490338095337826,0.5019287722494515,0.42723106321512394
original_glcm_JointAverage,5.595312202189539,4.572091925089061,4.552722182825979,12.451381871981173,4.577323554455243,7.42201136603914,4.585099606066122,7.502402227936491,9.52247612340682,13.526738502201633,5.504781826046521,15.46377408042202,5.42565270044198,5.5604243409843725,13.492147998731333,15.464575334173892,9.49751523842251,5.604885546897396,10.462091621245854,6.439126067756462,8.431833203568742,5.54288680302914,5.486555232499516,7.480899394779921
original_glcm_JointEnergy,0.05244401250545668,0.12591057343492465,0.12013131343685,0.023021963095343465,0.10669495852309299,0.031862908204670026,0.13423239353511443,0.03418237733484808,0.02538958359013615,0.01054500988351876,0.07626319352137233,0.009018967117469374,0.06260508817349465,0.059273629003511505,0.010308281209342381,0.00946572452000712,0.025081357659718733,0.06360245483958273,0.021969884482445835,0.06948543901703415,0.02970084867536104,0.05637900728259812,0.07208737339393104,0.033078497913106034
original_glcm_JointEntropy,4.708404847813769,3.457141218913888,3.5167302222399988,5.907450673547448,3.6889518902054346,5.42982773519508,3.344883376630153,5.289489353756208,5.755709086598738,7.0107964926896065,4.156072163249499,7.240470946226835,4.443529540063208,4.542760390518143,7.038839429735636,7.170207870327266,5.772835649813824,4.403593977601597,5.984161393318593,4.317755358034167,5.511187007184443,4.6001952159204205,4.252756662122624,5.350123169474164
original_glcm_MCC,0.28570904695971266,0.3123406752765488,0.2732487203088811,0.19555264806330688,0.289982946171114,0.21308095735860652,0.32547253572724194,0.2059415105236237,0.18417885657841104,0.17465986289020968,0.20369252135884447,0.1731703906233186,0.24249636298989088,0.2925909763040717,0.21991790532187927,0.17437131938965902,0.20573725025914574,0.2869787715517792,0.19267599234495283,0.21347904678049248,0.20819709513099957,0.25492307082389937,0.2059472094149818,0.211534948700889
original_glcm_MaximumProbability,0.10435134794945365,0.2092484850965016,0.19120803969292982,0.044880792797789774,0.17426991251047294,0.06416853807105563,0.22064395287871894,0.06266083244748047,0.04945402605151287,0.021672109819741152,0.12837637737580357,0.019137729303107424,0.11155496779672108,0.12093350396404562,0.020743811985053817,0.0193711674772035,0.04860682314579712,0.11384707356699714,0.04438537161629371,0.12427355237136692,0.05777627385887206,0.10425487636228518,0.12861240639196223,0.06699542799437706
original_glcm_SumAverage,11.190624404379076,9.144183850178122,9.105444365651959,24.902763743962357,9.154647108910487,14.844022732078283,9.170199212132244,15.004804455872982,19.044952246813637,27.053477004403263,11.009563652093046,30.927548160844044,10.85130540088396,11.120848681968745,26.984295997462667,30.92915066834778,18.995030476845024,11.209771093794792,20.9241832424917,12.878252135512922,16.86366640713748,11.08577360605828,10.973110464999033,14.961798789559841
original_glcm_SumEntropy,3.0178463373857474,2.3995765536439415,2.4069902773171967,3.5911814211045656,2.5273034878688225,3.3506324214732754,2.3209342916376228,3.2687164654711673,3.513011444370162,4.126505056555474,2.713825839416671,4.240012796248206,2.8728607514260935,2.915174950925843,4.150233518494359,4.2102548747736215,3.5325396268920923,2.829786043444188,3.6268769106624297,2.8123073827397453,3.3906110658069903,2.9368233426543933,2.765868501596867,3.3088262722657737
original_glcm_SumSquares,1.6522572596061853,0.6885121057456645,0.7059065062686781,3.6353996113988774,0.8143954154083974,2.641386790349773,0.6373029997602294,2.384621877028666,3.2666549445566506,7.807016217206,1.0835322123562636,9.174883679619533,1.3255754433894267,1.4640232626537069,7.981438186743547,8.735727000428755,3.316569206957697,1.3235969277602408,3.835282628654781,1.2203808982261448,2.7868906739707344,1.5183095134811662,1.1606950896658814,2.493948860454725
original_gldm_DependenceEntropy,4.807306753460928,4.44482904941567,4.48148408867883,5.378358780464379,4.5224543425491195,5.108933273334624,4.428656145438103,5.059918139320856,5.347616819395485,5.558470135235284,4.843462375844187,5.603934037866093,4.893224012224252,4.740422454014806,5.559680384019734,5.595310668837,5.332248286942484,4.714373827770317,5.382547509511068,4.913862471625145,5.106937118266287,4.749574198149706,4.857501172416018,5.076793141750514
original_gldm_DependenceNonUniformity,3372.7915148797847,2665.786302751779,2727.876422126324,12100.948528405203,2739.0339628986158,5549.510183057295,2655.726335257524,5233.441635628814,11766.548288843258,15985.605065023956,4139.163483635787,16700.047399041752,4276.056422854426,3268.574062657625,15875.328815879535,16450.73754277892,11810.660198494183,3278.535055764165,12350.642402464066,4295.797448292257,5469.838893731674,3376.5932298380317,4129.535700134717,5241.004200015849
original_gldm_DependenceNonUniformityNormalized,0.18902603345176175,0.149402359622921,0.15288216231162496,0.20706619658462017,0.1535074798463608,0.21988708229880713,0.14883855490991,0.2073635642930824,0.2013440843402337,0.27353875881286716,0.1640052097486246,0.2857639869788116,0.16942929007268506,0.18318523021115424,0.27165175934085445,0.28149790456500545,0.20209890825623172,0.18374348796526174,0.21133885014483342,0.17021148459831437,0.21673028345081521,0.18923909823673327,0.1636237300948854,0.2076632142014363
original_gldm_DependenceVariance,2.3956663312494535,3.6331540967264435,3.506524349709451,2.4373006871330856,3.4528753379188677,2.1676657289094856,3.6792312960275684,2.200503047111633,2.6130091657566266,1.4757529159937992,3.6343110159943635,1.3743597029497487,3.315320230806793,2.539608589304416,1.47141111635819,1.3900539266186653,2.565128574513907,2.4583631428716104,2.372677306758753,3.692957582211828,2.093710440988822,2.3171307155848053,3.5547443382975374,2.216634920602226
original_gldm_GrayLevelNonUniformity,4111.433783556577,6378.388667824917,6144.140279101048,8751.566221765914,5938.120887743093,4238.184642206197,6478.897999215378,4550.311831365401,9162.941889117043,5902.968856947296,6672.944290355813,5508.030013689254,6285.015294397337,4370.437426441742,5938.617590691308,5615.859171800137,9239.91153319644,4439.725774813653,8564.202429842573,6256.274268959505,4264.89682225216,4217.189654206131,6627.948648862826,4517.66819874792
original_gldm_GrayLevelVariance,1.522512758311723,0.62826808970013,0.6767884448516179,3.638166335386253,0.7308303672781892,2.8305215401756607,0.607015039159347,2.4585676650858517,3.2811159728576107,7.836524761000244,1.1432968567951698,9.034128848755765,1.3014267718353527,1.3317642119439725,7.766826805346492,8.761082425225611,3.2293771527077975,1.2985760532463326,3.783440265696613,1.309590548834906,2.8021292513592178,1.4274633245897954,1.163258251530225,2.4900021421238208
original_gldm_HighGrayLevelEmphasis,31.71120327299221,21.298828672308467,20.866053914700444,159.03930527036277,20.93117749257412,58.38374673111974,21.28420108726111,59.06454552658689,94.01358658453114,190.93437713894593,31.69565734210318,248.56483572895277,31.18555353039068,31.987221879728747,190.30477412731005,248.32886721423682,93.74259069130733,32.11124810850193,113.45959958932238,43.056303986052775,74.49346223948015,31.618001457154065,31.74760282114272,59.192012045328475
original_gldm_LargeDependenceEmphasis,12.9309533150255,23.84156251751387,22.652973154738554,10.322210814510608,21.643389564535113,9.698708297012441,23.961273328476153,10.474047071875743,11.058179329226558,6.323887748117728,18.134479752753784,5.872039698836414,16.717568745542437,14.016981449307853,6.351095140314853,5.9664613278576315,11.00811088295688,13.912963066748866,10.042847364818618,17.13004200015849,9.708930977098026,13.117469035476097,18.00847927728029,10.525318963467786
original_gldm_LargeDependenceHighGrayLevelEmphasis,404.0770610323376,502.11943058902654,466.69433391245866,1622.687525667351,446.8848848287844,557.9157223234805,506.29972538250297,605.9656470401775,1024.1009924709103,1188.5396475017112,565.0468737617878,1445.8698323066392,511.5919248751882,441.63638401614077,1196.5601813826147,1461.1029945242985,1019.987765229295,439.929328027798,1127.4567932922655,730.052658689278,710.0389095807909,407.62988286723083,557.390918456296,608.6345986211269
original_gldm_LargeDependenceLowGrayLevelEmphasis,0.4745016132022119,1.2225333594365466,1.1974749644575646,0.0697187363984916,1.1498028482208702,0.19491583115095604,1.2218030619933526,0.20379053892129173,0.13119187961502354,0.03802358396608432,0.6406904610738962,0.02657989292253663,0.613325788807317,0.4984026593241742,0.03825954740366394,0.027006606507890864,0.13059589522877874,0.49194359288504147,0.09798593789784957,0.4348618170320507,0.14758340299373027,0.48033455129619623,0.6418633197872105,0.20519179996167675
original_gldm_LowGrayLevelEmphasis,0.04055314176239071,0.0538041265189967,0.055731765590093386,0.006973120937594354,0.056622150695731975,0.022086207120684067,0.053493828381919746,0.02077145805325328,0.012550751278474073,0.006408264442990402,0.03746651764122553,0.004796879847880352,0.039311988420808706,0.03832767182119702,0.006463704021561357,0.004770880245344864,0.012596332608001736,0.037818094220257614,0.010325803754825728,0.026812710574905408,0.016039001389093817,0.039721546325359874,0.03751205100883779,0.020718634299096414
original_gldm_SmallDependenceEmphasis,0.22426439225029468,0.11956445387466076,0.12473536019413788,0.3167278391797477,0.13276756930117584,0.31051833522493477,0.11895191937056114,0.28739198898807783,0.2987134712682821,0.44504385305215305,0.17210522231314757,0.4699108622323804,0.18546554075967314,0.20689287958211508,0.4432601082619333,0.4656186818649236,0.2960584750444935,0.20574389916559527,0.3214011434579341,0.18640560691550595,0.3079635125386743,0.21611821921693597,0.1733922700901697,0.2854854698407568
original_gldm_SmallDependenceHighGrayLevelEmphasis,7.344650715330899,2.624659190633243,2.7083496550502266,51.09169789515218,2.862335357582814,18.543636213132718,2.6428822933332605,17.53112457776251,28.638625428479152,86.11092061753753,5.64016533341939,118.01562462879443,6.001359765599696,6.825468516624266,85.43805411373418,117.08442275297989,28.140696061136673,6.85805040163627,37.10997014290446,8.270922541395574,23.468559678613055,7.131870759969982,5.693153040899933,17.33488897440576
original_gldm_SmallDependenceLowGrayLevelEmphasis,0.010859302639909278,0.007530310750754126,0.008144139394526111,0.002313874802100777,0.00907314263238768,0.007709866156364506,0.007215904105694609,0.00659961718854637,0.004060840218596308,0.003036325760500781,0.007299323521705642,0.002375475132635585,0.008489142776933994,0.009257435968573624,0.0030539463524913812,0.002335799665994673,0.0040874659295927155,0.008897338742384723,0.0035666495478593914,0.005480332051142125,0.005339483127562414,0.01003770971711082,0.00746450792422954,0.006570191904728008
original_glrlm_GrayLevelNonUniformity,3688.2244945059047,5383.7737226043055,5216.488800226118,8016.899371973343,5065.062182101825,3895.3379540002375,5467.421209576346,4158.589828340833,8352.688309174695,5572.457404078411,5820.845459301995,5219.775050609572,5526.6110644361515,3893.042769641834,5606.591114795686,5316.46680060618,8429.165625577984,3956.1057693634966,7859.9878984694415,5491.702822466908,3919.4612054478703,3777.848415443397,5784.967295851775,4128.423918005099
original_glrlm_GrayLevelNonUniformityNormalized,0.22527066542403906,0.34444630063321335,0.3323202902074988,0.14723387034410268,0.3212101688780832,0.16514464932081227,0.3499649723907235,0.17719896358092838,0.15400575742586767,0.09992123409603616,0.257171235308761,0.0932988895907257,0.24275003923592464,0.23905919507128473,0.10056355244203342,0.09509539362713601,0.1554170330922909,0.24289964114667215,0.1441440943448897,0.2413041648303414,0.166255691337431,0.23113204850319388,0.2554756678447067,0.1759640311439494
original_glrlm_GrayLevelVariance,1.5844694862325948,0.6772494416394721,0.725944902091742,3.746223507515878,0.7828693017760984,2.911106882104878,0.6547183102176105,2.5357329995333293,3.383691392192013,7.981806199223398,1.2017978171485555,9.191790276788431,1.3631934302000412,1.3913004199815193,7.910489045304668,8.919368371944119,3.3288287066910933,1.3565883082147525,3.8923444663757625,1.372697631534702,2.8828625170978515,1.4858573355735436,1.222276684701158,2.565737955218658
original_glrlm_HighGrayLevelRunEmphasis,31.761338402116813,21.347297437293623,20.91944810413372,159.1698704797955,20.97843300063608,58.44832200243867,21.32898576852457,59.1635513310734,94.11964466686776,191.08079193793247,31.75860101919168,248.69108937831018,31.253611249557277,32.0485862813088,190.41723738856263,248.50241587409644,93.82408438395335,32.17109525797842,113.55724413029135,43.11895519852966,74.59475033663583,31.682964796204015,31.830746728741207,59.28707093215681
original_glrlm_LongRunEmphasis,1.449865158022753,2.0736090344681934,1.982085251075337,1.2806781899919115,1.9208133500704523,1.28729098659309,2.083262628761001,1.3212227109023542,1.3011554394912024,1.1670965435849951,1.6156750024794806,1.1536000064498235,1.5609647030206477,1.4980164282723438,1.1680675629820785,1.1567651568346287,1.3013528761672903,1.4992592852975322,1.2721808682201237,1.5579800812015032,1.2928280058883628,1.462723591125094,1.6153915466117632,1.3200840867585133
original_glrlm_LongRunHighGrayLevelEmphasis,45.81222423096728,43.89380545249678,41.07029495716714,203.3175970702311,39.979888670284176,74.972353946543,44.23307515286872,77.7786530067089,122.0499722496351,222.5018253373769,51.00526830322719,286.4406218020638,48.42511244801722,47.684226554238,222.01154066370142,286.8314941315803,121.77204014071827,47.93832085998163,144.09024722202668,66.86726138136045,96.00638578144768,46.03579191739178,50.97280018644764,77.86166982132436
original_glrlm_LongRunLowGrayLevelEmphasis,0.0574255207627427,0.10942745059205088,0.10829175868127645,0.008885103881227657,0.10610114749630083,0.028012179596236867,0.10907896097256947,0.02711597644846657,0.01617967703808853,0.007427992733200711,0.059495492165523474,0.005502295551180703,0.0602361252753869,0.056384351920194344,0.0074954742101568436,0.005489459621468831,0.016229499788252794,0.055721500041616925,0.01302738334744415,0.04120540361776741,0.020553530162717767,0.056981760585021794,0.059629405618275046,0.02703523282335925
original_glrlm_LowGrayLevelRunEmphasis,0.040966544082343785,0.05430722794038382,0.056253076565917555,0.006990433639778719,0.05725182167113899,0.022235531443191788,0.05395412871098246,0.020883981406435506,0.012606301835655519,0.006429629612875721,0.03774819550620494,0.0048103873155376465,0.03964488888677664,0.03864085040448179,0.006486759798877499,0.004783491261773561,0.01265670315724997,0.03809856036905101,0.010367417853891872,0.026973767641110293,0.016104802586279134,0.04005789902635318,0.037781673086776164,0.020828892097236373
original_glrlm_RunEntropy,2.7517734920580947,2.3040623413432333,2.3400117889719123,3.3486039099798077,2.3775147023555827,3.1381264440369274,2.2813835143898094,3.055832660578984,3.290635492751628,3.7978895455464774,2.6498639267424173,3.886212290611847,2.719009421066215,2.675271895752725,3.79250824669191,3.867472873549947,3.2787324330653367,2.6573454865917174,3.370918848647522,2.726557414788651,3.1316847018931857,2.7102731992918967,2.6601531986213636,3.0655983241815643
original_glrlm_RunLengthNonUniformity,14512.121334012478,13433.000845046548,13510.37953479391,48369.23275050514,13605.495799842456,21193.9564026587,13425.403610856809,20974.546484201466,47917.54681513051,51326.20260782958,19517.667362081273,51744.1844145414,19739.71772050459,14369.604403530255,51278.80538903518,51651.95588896151,47918.00111482979,14373.846860078313,48538.23529729071,19704.055492205098,21186.745476449527,14471.15077733065,19545.201904225905,20951.690293839743
original_glrlm_RunLengthNonUniformityNormalized,0.8643784670103482,0.8108402400334993,0.8151435416489535,0.8797387557020773,0.8203010893007477,0.8868818107140887,0.8106378232779006,0.8799717823414682,0.8739275929715556,0.9163154288777962,0.8340551447143436,0.9214230252132088,0.8410409029405197,0.8574706611079898,0.9156761362745975,0.9203416597377905,0.8739860515475402,0.8578581191362349,0.8818558081868978,0.8405191989964753,0.8865486418575041,0.8620947856394425,0.8348983339396775,0.8791737269362602
original_glrlm_RunPercentage,0.913622666074608,0.8655624485361637,0.8701667104962514,0.9304612225556785,0.874421772813299,0.9329125189732211,0.865247737746757,0.9278316580004511,0.9266900963512874,0.9537750750276418,0.8920035111888668,0.9568933291212554,0.8976573786780617,0.9081604938803841,0.9534999736745117,0.9561825409361345,0.926704575369873,0.9082898270815102,0.9319420312746801,0.8974745042579261,0.9323242729217847,0.912062045447687,0.8922382000280409,0.9275969691612769
original_glrlm_RunVariance,0.17036237426382986,0.4370812532709883,0.3950663434007315,0.100733650614973,0.37204148539769355,0.10409265304840136,0.44470654854448644,0.11708766628139117,0.10821272744643558,0.05825397042626972,0.2363671026598494,0.05343894993192245,0.2133877740818303,0.18850494809885185,0.058495785586285466,0.05467184373111763,0.10872008415272555,0.1908362262333861,0.09736825374728489,0.21280688688382096,0.10632582255499552,0.17376599872615314,0.23659238103456573,0.11540592261245163
original_glrlm_ShortRunEmphasis,0.9326479390504729,0.892020383309273,0.8959829036318177,0.9468405763909326,0.9002474733066748,0.9482939094735319,0.8920762804475978,0.9441003339449422,0.9437667906250016,0.9648722630717129,0.9151963587416184,0.9672874287780554,0.919727981504002,0.927813622937421,0.9645809818037401,0.9667834714420939,0.9438322334225285,0.9281567713592097,0.9479497147181137,0.9199132171785767,0.9478943511300038,0.9308858733462291,0.9156437133219614,0.9437036754178075
original_glrlm_ShortRunHighGrayLevelEmphasis,29.648952628292257,19.057681258460647,18.761333076744755,150.78764032214696,18.904730582598862,55.46546272920918,19.051901180193894,55.92256781223001,88.89593897677784,184.46925461564285,29.10282705836838,240.64075938033133,28.778876084268408,29.762939272641443,183.74856771983892,240.36265626930876,88.60571333747073,29.890249854015686,107.71100313910242,39.70208561602554,70.76607187674463,29.52823255936876,29.189245700646154,56.005001814220606
original_glrlm_ShortRunLowGrayLevelEmphasis,0.038431494854916856,0.04867786068558008,0.050645991129956755,0.0066302522474690675,0.05182645016810286,0.021176920180443558,0.048315257420018416,0.01978343224757393,0.011932808598395957,0.006218382765773075,0.03468982528863744,0.004662424996097251,0.03664452893910193,0.03602579379567526,0.006272837414705628,0.004633394653752928,0.011984556374089636,0.035509921839579635,0.009854882878904693,0.024896439695466656,0.015306464740565389,0.03747203183645383,0.034731924867059144,0.019723178801990284
original_glszm_GrayLevelNonUniformity,784.6926994906621,499.10979228486644,516.1023255813953,2618.8609702463764,539.5502555366269,1278.6107187370171,496.3261402648357,1230.548877296439,2569.795733586158,2696.625342223081,914.9216892168922,2665.177027027027,929.413754227734,751.436227474842,2703.6804177039216,2667.4650859256035,2570.2816193712015,754.0969256043182,2628.3560846560845,952.2936830439601,1267.7600589846218,772.2957683741648,906.6879058441558,1221.366943276117
original_glszm_GrayLevelNonUniformityNormalized,0.16653070872042916,0.2468396598837124,0.24004759329367226,0.11752730647786995,0.22979142058629767,0.13280127946998516,0.24341644936970855,0.139549657212116,0.12182013432501342,0.08685622901481886,0.18756082189768186,0.08185433129689887,0.17463618080190416,0.17585682833485655,0.0874100552101103,0.08289459230944417,0.12299763695129452,0.176976513870997,0.11588871625467745,0.17589465885555228,0.13353276374390372,0.17200351188734184,0.18398699388071343,0.1388390295869179
original_glszm_GrayLevelVariance,2.7444651934446167,1.8645192203271432,1.9151154137371553,5.4691684105838325,1.9877214360548976,4.205926524026569,1.7953896083747984,3.8336732850355935,5.036980505743805,10.082085045630766,2.3338580259521335,11.439378350457897,2.5724508153670964,2.5377176879911847,10.031620884073924,11.194471863533572,4.975166335665382,2.516322291529121,5.621302595112119,2.559360632294688,4.194622625738723,2.6482346813755884,2.386793033974954,3.8471602716671174
original_glszm_HighGrayLevelZoneEmphasis,32.76379456706282,22.355588526211672,22.156744186046513,161.20966656195307,21.791737649063034,59.589945990859995,22.769004413928396,60.855182581084144,95.75278502014696,193.1029729120366,33.00020500205002,250.63372235872237,32.61405486659151,33.28270535923239,192.40865151466167,251.0270362658877,95.16653108101642,33.42689509504811,115.20564373897707,44.49778352419653,76.21381925426586,33.12650334075724,33.179383116883116,60.77355916789815
original_glszm_LargeAreaEmphasis,72.41022920203736,2543.4930761622154,2216.8153488372095,66.62657631378181,1333.9416524701874,77.99314499376817,2453.2393330063755,83.88228623270582,113.88234178715335,9.91451670048636,481.47847478474785,8.068611793611794,429.9052987598647,127.79663000234028,9.644628366363841,8.088629230243326,105.40977173756998,113.696550105609,84.20837742504409,451.5648319172516,56.1908573836107,101.67416481069043,512.9646915584416,86.56019097419575
original_glszm_LargeAreaHighGrayLevelEmphasis,2177.64240237691,57714.62462908012,47859.61720930233,10357.034196472647,28586.083049403747,4348.884399667636,55664.19028935753,4770.311748695849,10463.137615548709,1862.3156182561922,14807.59676096761,1986.7508906633907,13156.493987222848,4137.326468523286,1789.6053473861175,1962.5144038037229,9543.67205819017,3595.5393100211218,9394.038668430336,19148.73236054673,4141.325258057721,3051.4418708240532,15729.558847402597,4837.88609753325
original_glszm_LargeAreaLowGrayLevelEmphasis,2.5874798445461287,116.55897524621454,107.7329015411591,0.4380384552069024,65.43985163653053,1.4616156194837855,112.41286253376616,1.5395516413534651,1.2772032387943828,0.05792721338163261,16.302588185024135,0.03571716925291249,14.682357271291949,4.153198178589722,0.05714692614540776,0.036311128206493966,1.1973618621597464,3.7935521666878587,0.7751483529878398,10.965220758629828,0.7939472675480321,3.594298155849818,17.418614197760935,1.6111356891800073
original_glszm_LowGrayLevelZoneEmphasis,0.048896943026563486,0.06739416026878935,0.06955973672414703,0.007274967920967786,0.0732883409965349,0.02464285641711977,0.0642507109104881,0.022813262354478232,0.01353374284895931,0.006746618008917301,0.043355587200862675,0.005004273265894902,0.04641570173853874,0.04490699742422214,0.00681632532763682,0.004967718785288058,0.013689270028362099,0.043779718135480296,0.011037232303012253,0.029966073126421196,0.017206428341260675,0.0468230170233564,0.043743193335760835,0.022788770153858932
original_glszm_SizeZoneNonUniformity,1232.9112903225807,502.73194856577646,517.5013953488373,7648.672395996949,564.2879045996593,3070.4871208973827,488.51544874938696,2694.6244046268994,6912.752358378762,13567.262762907849,1124.3554735547355,14926.56074938575,1298.7373167981962,1078.1097589515564,13465.450421906824,14726.686130706361,6766.198736660765,1070.5883595400142,7816.5859788359785,1286.77244181751,3036.9915736254475,1147.8739420935412,1154.0880681818182,2661.3378424462885
original_glszm_SizeZoneNonUniformityNormalized,0.2616534996440112,0.24863103292075986,0.24069832341806383,0.3432514650629156,0.24032704625198437,0.3189122477043397,0.2395858012503124,0.3055822640765366,0.32769624832324074,0.4369911026156424,0.2304951770304911,0.4584324554479653,0.24403181450548594,0.25230745587445735,0.4353383473507751,0.45764896767166047,0.3237880431000031,0.25125284194790287,0.34464664809682444,0.23767499848864243,0.3198853563961921,0.2556512120475593,0.2341899489005313,0.3025278893311684
original_glszm_SmallAreaEmphasis,0.5203955663517792,0.5036649196345312,0.4944978006305347,0.6044503295616613,0.4944664165197646,0.5785442531513867,0.49279195704207446,0.5673780325785953,0.5889148613950045,0.6856715014370928,0.48355821545967625,0.7031124940519078,0.4996023218493146,0.5111130366910857,0.6847470406333255,0.7028552988939195,0.5848713694245202,0.5087708319998862,0.6052637388330371,0.4893999609654635,0.5812744913997417,0.5152393212731672,0.48875249941087834,0.563471199143764
original_glszm_SmallAreaHighGrayLevelEmphasis,17.448192781331176,11.34405440654845,11.137418858457927,98.21993352701655,10.93246360917322,34.98867755465597,11.459335365953084,35.23945890210755,57.02950578395692,133.32829515986313,16.270127471768323,177.27829063747186,16.63622032409043,17.213817853595472,132.6667967081443,177.54029252806947,55.9740765343382,17.4594836659054,70.51457340602775,22.25124744200428,44.84255204045905,17.54833113219099,16.433547006436623,34.68484814443127
original_glszm_SmallAreaLowGrayLevelEmphasis,0.028206758783776164,0.03660058793161533,0.03732803301734701,0.004516490357763781,0.03976593929618971,0.015233899077055493,0.03338886778437077,0.013762217674637863,0.008334357049028665,0.00478735839217826,0.022566673207080567,0.0036199241418748795,0.025527567478428784,0.025512909752126434,0.004830013591272858,0.00358948579565434,0.008468985943962429,0.02416070804720923,0.0069498544602282965,0.015409250077941831,0.010494558104893206,0.02664145745118146,0.023478873315477922,0.013750131245711453
original_glszm_ZoneEntropy,5.372979807436221,4.961488468482302,5.045352301039295,5.441957893737511,5.117984660747908,5.29430666373516,4.9869253006948595,5.34041984385971,5.447485622469762,5.4318517794857435,5.456484631209113,5.440890074768097,5.456218085887303,5.35495124922045,5.440682556864227,5.4439606903965645,5.4592797709625165,5.340476136119571,5.443894396433145,5.451545404777244,5.322519915938918,5.360639895018374,5.443023585342553,5.353499145735298
original_glszm_ZonePercentage,0.2640811522725999,0.11332175082665472,0.1204954323824469,0.3812970568104038,0.13159222103906293,0.38148823203106424,0.11427450540828336,0.3493937712972502,0.360968514715948,0.5312628336755647,0.19327997464141375,0.5571526351813826,0.2108724938584674,0.23947766631171888,0.5292778918548939,0.5506331279945244,0.357580424366872,0.23880513366586337,0.38809034907597534,0.2145177906331722,0.37617877803312466,0.25163929832427284,0.19526111419288375,0.34856169268563275
original_glszm_ZoneVariance,58.07102044665788,2465.622489167134,2147.940789832342,59.74840333028305,1276.193304352684,71.12186400142639,2376.6618126522994,75.69066839457695,106.20764272461047,6.371435291425833,454.709836450558,4.847160109629397,407.4168172473609,110.35970236156483,6.074922010047129,4.790441839588566,97.5889474410123,96.16127101157787,77.56889364799417,429.83414928446257,49.12424260592068,85.88194904787179,486.7364923403504,78.32941676446814
original_ngtdm_Busyness,31.529150663422744,52.637347997104975,54.14104634556406,23.1378484715558,53.64080820061814,26.737020857441088,53.4539295137847,25.888790959502497,34.3987407510288,17.51207308416819,41.53069344728918,14.178523731661006,42.69607786506333,35.1218677517256,16.539884914841394,14.095869732373199,31.91368104451895,30.43378362293164,27.716268330273117,36.14540703457826,21.29527862674877,36.30749359105906,47.64792663488925,28.756647792587327
original_ngtdm_Coarseness,0.00040394056479472893,0.00038353338269404836,0.0003848863693649273,0.00012375128575072523,0.0003936709141944477,0.00028654633541365165,0.0003745427247719989,0.00028280528485279973,0.00012384714005810304,0.0001223340676375708,0.00028564672512139963,0.0001224830315250768,0.00028960217577852034,0.00040397257961569035,0.00012215125408641,0.00012240621427200477,0.00012305941575905274,0.0003990870753122545,0.000123709124440807,0.0002904869400750507,0.00028507518068669806,0.00040142820073540226,0.000287966095264019,0.00028733309310529915
original_ngtdm_Complexity,41.766240217010136,14.439059092876048,14.886794398829542,226.47596011995134,15.110761159556146,90.39316671726455,14.534847034960281,88.3360105771065,169.64017637674883,543.0249533440594,36.68836885484971,678.7176782769787,38.188877548673744,31.79731569597105,588.2175410443554,673.6097668170445,188.1732103911879,39.67485405532229,222.96441935806993,38.24054104053418,105.61521560109595,32.7900207232947,29.43154620196149,73.05448062793029
original_ngtdm_Contrast,0.02152472562412661,0.011272908004019946,0.012602720475169613,0.023012912500383825,0.013958599382837207,0.033060021019025054,0.010920355495775786,0.026944482823464205,0.0244862442788098,0.04333091732317449,0.013744798806748434,0.04604069913960298,0.01650512645246472,0.02155437228978524,0.0395498820571714,0.0439732140352301,0.0214477179061543,0.0171478693747011,0.02439365004542804,0.016648078642362698,0.02819943895810518,0.024041088909798135,0.017116855348160924,0.031654315243420536
original_ngtdm_Strength,0.01867632475161206,0.010495717864729383,0.010193080982129588,0.02273202203391817,0.010028420021074314,0.01991887012709495,0.01043033778393493,0.02192132782071778,0.016830372215066593,0.03173282895153818,0.014985022142042023,0.037425614906787044,0.014478907524843014,0.014748512252672713,0.03550263165875892,0.0383339878848853,0.019160869072156826,0.01952345625393273,0.02069231652958854,0.01436529144556185,0.024396260635265486,0.014312756323550904,0.011266708762434258,0.017424047838428356
